{
  "tag": "baseline",
  "n_total": 100,
  "n_success": 100,
  "mean_wer": 0.06233884089766442,
  "median_wer": 0.0,
  "en_wer": 0.02355866355866356,
  "es_wer": 0.10111901823666529,
  "mean_latency_s": 7.902145124161034,
  "p95_latency_s": 14.513328027945672
}