{
  "tag": "optimized",
  "n_total": 100,
  "n_success": 100,
  "mean_wer": 0.08968399084575557,
  "median_wer": 0.0,
  "en_wer": 0.03517404817404817,
  "es_wer": 0.14419393351746293,
  "mean_latency_s": 8.174749965739903,
  "p95_latency_s": 17.51056326766338
}